executorCores,executorMemory,executorInstances,defaultParallelism,memoryOffHeapEnabled,memoryOffHeapSize,memoryFraction,memoryStorageFraction,shuffleFileBuffer,speculation,reducerMaxSizeInFlight,shuffleSortBypassMerageThreshold,speculationInterval,speculationMultiplier,speculationQuantile,broadcastBlockSize,ioCompressionCodec,ioCompressionLz4BlockSize,ioCompressionSnappyBlockSize,kryoRederenceTracking,kryoserializerBufferMax,kryoserializerBuffer,storageMemoryMapThreshold,networkTimeout,localityWait,shuffleCompress,shuffleSpillCompress,broadcastCompress,rddCompress,serializer,PERF
13,29125,36,27,false,59,0.7035068435421206,0.963163779601196,99,true,54,435,17,1.6140281955065692,0.35803156331982955,35,lz4,98,68,true,22,22,352,216,6,false,true,true,false,org.apache.spark.serializer.KryoSerializer,231.22799999999998
13,36273,36,26,false,16,0.6505202169750012,0.7378193050729114,20,false,96,123,48,1.2115634117227219,0.30477757108901593,86,lz4,95,75,false,124,85,476,455,5,false,false,false,true,org.apache.spark.serializer.JavaSerializer,142.165
4,30385,30,42,true,40,0.7860548690550722,0.7875776076730823,50,false,52,566,55,2.302363072336284,0.17873125624045505,127,lz4,91,11,true,24,49,488,258,4,true,false,false,true,org.apache.spark.serializer.JavaSerializer,178.15599999999998
9,36847,26,33,false,27,0.6726492477108632,0.7389581280209333,76,true,119,994,49,4.341445802620516,0.3202888330260817,55,lz4,76,3,false,64,83,425,94,7,true,true,true,true,org.apache.spark.serializer.JavaSerializer,173.733
11,33702,18,18,false,98,0.92576389078951,0.9985596059280446,39,true,34,944,50,1.2661341254915324,0.16432360724484174,45,lzf,80,56,true,73,4,281,26,7,false,false,false,true,org.apache.spark.serializer.KryoSerializer,144.659
2,30525,27,33,true,20,0.9944553276577692,0.9093308267468044,118,true,42,589,92,3.9985042703228806,0.9202047269962276,69,lzf,113,42,false,67,81,259,486,10,false,false,false,true,org.apache.spark.serializer.JavaSerializer,178.15400000000002
6,31332,21,19,true,52,0.733020919371006,0.9316377329728008,68,true,3,242,22,3.6092219593380315,0.5774545768573861,97,lz4,120,28,true,99,93,425,414,6,false,true,false,true,org.apache.spark.serializer.KryoSerializer,153.328
9,38677,19,36,true,65,0.7601240617756111,0.7902629009983524,50,true,78,340,60,4.7359308149710255,0.3335896294501213,16,lz4,81,51,false,31,118,247,253,4,true,false,false,true,org.apache.spark.serializer.JavaSerializer,176.09900000000002
6,36960,48,27,true,82,0.6931057787612839,0.9230117996958912,14,false,88,182,41,3.2686380565617204,0.4003573909824311,111,lz4,124,114,false,16,73,311,111,8,true,false,true,false,org.apache.spark.serializer.JavaSerializer,190.02200000000002
10,29543,31,10,true,13,0.618785745293304,0.8306278769733296,18,true,34,792,22,4.0735735610702575,0.4775780434845541,80,lz4,71,108,false,37,80,163,469,10,true,true,true,true,org.apache.spark.serializer.JavaSerializer,213.957
16,32409,21,32,true,92,0.7292740623267231,0.9897277629871496,13,false,120,709,85,2.6787849405889927,0.8116870277095601,69,lzf,116,25,true,118,71,102,73,5,true,true,true,false,org.apache.spark.serializer.JavaSerializer,143.235
3,41079,9,10,false,92,0.7411054740010078,0.7140443914849736,54,false,56,998,83,3.310032837331579,0.6474524010461262,121,lz4,69,98,false,32,95,480,348,8,false,true,true,true,org.apache.spark.serializer.KryoSerializer,183.828
15,30490,17,12,true,39,0.8856214724977607,0.8845461764666275,47,true,25,488,26,2.2497017785394715,0.5297747342747079,53,lz4,95,77,true,101,49,332,260,2,false,false,true,false,org.apache.spark.serializer.JavaSerializer,149.531
14,41819,41,29,true,22,0.8413721556690993,0.6880528811576472,120,false,122,756,20,2.1735918886142858,0.31315966617622826,52,lz4,73,14,true,38,30,206,473,6,true,true,false,true,org.apache.spark.serializer.KryoSerializer,200.327
3,30867,22,36,false,96,0.8618093481434104,0.8181506573603773,73,false,20,517,23,2.518958312493925,0.42878523586935857,32,lz4,84,34,true,47,78,97,397,6,true,false,true,true,org.apache.spark.serializer.KryoSerializer,175.872
3,42653,40,13,true,34,0.7967819177735566,0.643738913481705,31,true,75,422,39,1.2456937076808965,0.234370159766515,59,lz4,124,85,false,75,113,150,46,3,false,true,true,true,org.apache.spark.serializer.JavaSerializer,168.354
8,28299,43,13,true,72,0.8819384301722717,0.8022374006969473,24,true,105,666,60,4.97172908390165,0.5072199321211908,83,lz4,81,36,false,114,125,418,288,10,true,true,true,true,org.apache.spark.serializer.KryoSerializer,169.68599999999998
15,43748,43,25,true,40,0.7131318285830408,0.8395189118050628,123,false,97,562,41,1.555796616137512,0.8255210503650119,72,lz4,88,113,true,113,7,464,293,2,false,true,true,false,org.apache.spark.serializer.JavaSerializer,142.524
12,36285,23,29,true,28,0.7425020920911101,0.8900411700559899,125,false,42,785,82,4.1947824209768685,0.22568290229992435,66,lz4,68,103,false,24,23,295,90,7,false,true,true,false,org.apache.spark.serializer.KryoSerializer,149.33
8,41666,24,37,true,56,0.9763176602768572,0.8667243358534558,72,false,89,600,45,2.7990525092530905,0.3942280765607112,117,lzf,123,53,true,36,110,453,269,10,false,false,true,false,org.apache.spark.serializer.JavaSerializer,168.71
11,33196,31,39,true,66,0.9109489028227432,0.8021620460346526,19,false,116,630,80,3.210550354305641,0.7216999555261692,30,lz4,81,23,false,12,95,365,427,9,true,true,true,false,org.apache.spark.serializer.KryoSerializer,211.61599999999999
9,36722,9,47,true,15,0.7295472288723307,0.9636971700867276,118,false,26,438,76,1.8458643860522932,0.6227694643906942,110,lz4,111,57,true,19,81,348,35,3,false,true,true,false,org.apache.spark.serializer.JavaSerializer,149.89700000000002
14,27028,17,19,true,100,0.8692324235926715,0.8241784933931691,90,false,101,176,92,3.1686272794335064,0.28415814789830524,91,lzf,96,32,true,79,128,103,211,2,false,false,false,false,org.apache.spark.serializer.JavaSerializer,161.593
11,27685,22,23,false,33,0.8238437803776687,0.8520434443929463,23,false,112,869,98,2.710398564291618,0.5155246642960428,41,lz4,116,18,true,109,111,355,259,2,false,false,true,false,org.apache.spark.serializer.JavaSerializer,160.851
3,40185,14,40,true,57,0.7406118905090109,0.8550910442625868,89,false,127,723,18,2.1510557041310103,0.7008145353564507,77,lzf,75,113,true,56,66,85,222,9,true,false,true,true,org.apache.spark.serializer.KryoSerializer,168.736
11,28884,47,24,false,100,0.6339319553142816,0.9144763874060552,35,false,35,768,65,2.1397628958363266,0.5417376954793289,105,lz4,94,34,true,118,49,487,462,7,true,false,false,false,org.apache.spark.serializer.KryoSerializer,195.143
3,34407,44,36,false,80,0.7639226198399799,0.9310516993220784,22,true,107,359,63,3.009877403645107,0.3343792397701093,67,lzf,100,14,true,69,86,98,455,3,true,true,true,true,org.apache.spark.serializer.JavaSerializer,137.415
4,38385,14,24,false,83,0.9544756230961636,0.665662326704431,63,true,118,629,21,1.2525717319631002,0.5149986961900997,108,lz4,80,87,false,95,68,355,198,8,true,true,false,true,org.apache.spark.serializer.JavaSerializer,189.00799999999998
15,43069,38,29,false,75,0.7067069920482278,0.8685581237062684,35,true,58,749,43,2.006329525288175,0.5869979327487818,123,lz4,76,6,true,97,53,182,395,3,false,true,false,true,org.apache.spark.serializer.JavaSerializer,133.36700000000002
5,32450,38,33,false,97,0.8367982539747548,0.6467908853253155,45,true,44,751,85,2.0129417880715224,0.9586746851988672,78,lzf,97,31,false,55,87,223,439,10,true,true,true,false,org.apache.spark.serializer.JavaSerializer,126.93799999999999
12,39593,23,11,true,18,0.8672977297442578,0.6547603170147229,87,true,9,673,50,4.261282975923596,0.6002030664705462,88,lzf,90,28,true,109,73,323,113,4,true,true,false,true,org.apache.spark.serializer.KryoSerializer,116.037
13,26415,43,23,true,19,0.7554651591992404,0.7085325774252227,96,true,11,300,84,3.594956378077123,0.32042789709922265,62,lzf,99,34,true,93,81,255,331,2,true,false,false,true,org.apache.spark.serializer.KryoSerializer,128.806
3,44011,31,36,true,31,0.7229920729383953,0.862442323520733,117,false,25,941,22,1.730925439930074,0.7917641249544194,38,lz4,74,115,false,87,122,395,479,6,true,true,true,true,org.apache.spark.serializer.KryoSerializer,255.15900000000002
8,37705,25,34,true,32,0.9601307101424486,0.943720558942286,55,false,8,672,83,3.3106904615179578,0.7429788634357645,61,lzf,69,84,true,73,67,252,369,9,true,true,true,false,org.apache.spark.serializer.JavaSerializer,133.33
9,41373,14,22,false,39,0.7220128057015355,0.8001925087846979,54,true,114,522,94,1.9347883112147044,0.4380391974041648,25,lzf,121,96,false,82,93,313,86,5,true,false,false,false,org.apache.spark.serializer.JavaSerializer,138.554
6,30260,48,33,true,76,0.7992333450635996,0.972950842841802,32,false,110,822,24,3.0312665623285557,0.5900880133485182,94,lzf,75,11,false,29,116,69,487,5,false,true,true,true,org.apache.spark.serializer.JavaSerializer,175.734
8,25639,43,43,true,34,0.8926042565035914,0.8282920831230463,52,false,37,398,29,4.683747773102919,0.32676085254357445,93,lz4,88,59,false,96,38,72,272,2,true,true,true,false,org.apache.spark.serializer.JavaSerializer,188.033
16,40923,13,32,true,40,0.6475535776504266,0.6180627327252168,115,true,75,590,74,1.7625436832719088,0.2542946643939693,86,lz4,114,13,true,93,26,191,147,3,false,true,true,true,org.apache.spark.serializer.JavaSerializer,154.58700000000002
3,36390,34,9,true,38,0.9173186781282486,0.8680893778332146,40,true,93,870,61,4.804083578053714,0.7823219667552829,19,lz4,119,107,true,17,3,384,297,10,true,true,false,true,org.apache.spark.serializer.JavaSerializer,157.311
4,26525,45,46,false,50,0.6348682192133944,0.6453278323228046,28,false,10,840,41,2.8325488654214537,0.16569479559892686,82,lzf,93,40,true,98,32,337,142,9,true,false,false,true,org.apache.spark.serializer.JavaSerializer,142.335
16,30712,23,18,true,89,0.7449315428551756,0.8859590116650966,67,false,91,991,75,1.26152423601523,0.29026496932484697,87,lz4,87,54,true,57,78,373,405,9,false,true,true,false,org.apache.spark.serializer.KryoSerializer,151.321
2,28699,17,14,false,25,0.6372976226032159,0.6398746890045581,108,true,72,666,28,2.5686362716994826,0.9936010792250688,76,lz4,82,46,true,115,14,110,357,10,true,false,true,true,org.apache.spark.serializer.KryoSerializer,200.14700000000002
10,35349,43,11,true,97,0.8506454602355077,0.9782686230325224,3,false,93,313,17,2.3246487091962478,0.2154168827274085,9,lzf,100,102,false,83,73,259,301,3,false,true,false,false,org.apache.spark.serializer.KryoSerializer,163.70600000000002
6,32362,25,38,true,42,0.8758146591378784,0.6358250072499138,120,true,55,739,27,4.902218368123704,0.8478047379515736,6,lzf,83,25,true,86,127,182,193,4,false,true,false,true,org.apache.spark.serializer.JavaSerializer,158.345
4,35392,33,32,true,34,0.8716269695754626,0.6524122030357142,13,false,62,176,100,2.2566535691031344,0.42355988853164894,15,lz4,113,85,true,96,61,306,386,9,true,true,false,false,org.apache.spark.serializer.JavaSerializer,183.36700000000002
8,31693,29,16,true,13,0.8922655382391035,0.7506410056149654,127,false,9,455,64,1.6410187042803541,0.538189247434286,47,lzf,76,90,false,60,22,122,157,3,true,false,false,false,org.apache.spark.serializer.JavaSerializer,133.714
12,33646,42,47,false,24,0.6351815373275363,0.704577512649139,10,false,75,908,95,4.414003537557967,0.5613023888976696,64,lz4,105,4,true,108,82,110,396,8,true,false,false,true,org.apache.spark.serializer.JavaSerializer,210.80200000000002
15,26386,15,14,true,56,0.7579820599661273,0.8674644025458347,121,false,21,267,54,3.31330134761524,0.4431081539117878,60,lz4,75,61,false,111,118,148,176,6,false,false,false,true,org.apache.spark.serializer.JavaSerializer,158.031
10,36307,47,32,false,61,0.6056340334333236,0.8241504191512002,115,true,55,357,50,2.2951648224407792,0.4614128157211901,72,lzf,83,124,true,111,48,412,472,9,false,true,true,true,org.apache.spark.serializer.KryoSerializer,146.855
4,39942,28,9,false,94,0.946361511541108,0.9080150097552704,83,false,65,307,37,3.3623446557335868,0.9704887813542178,95,lzf,76,54,false,103,30,160,349,2,false,false,true,true,org.apache.spark.serializer.KryoSerializer,151.779
1,25600,24,8,false,91,0.6,0.7357177734375,32,false,91,200,46,1.2041015625,0.75,4,lz4,64,116,true,116,64,388,72,3,true,true,true,false,org.apache.spark.serializer.JavaSerializer,262.426
1,25600,28,8,false,81,0.63348388671875,0.61468505859375,32,false,54,200,100,3.80224609375,0.75,4,lz4,64,103,true,51,64,440,353,3,true,true,true,false,org.apache.spark.serializer.JavaSerializer,230.555
1,29017,34,8,false,18,0.6,0.82635498046875,32,false,44,837,100,4.43017578125,0.4659423828125,4,lz4,64,47,true,64,64,50,95,3,true,true,true,false,org.apache.spark.serializer.JavaSerializer,254.907
1,25600,46,8,false,53,0.505615234375,0.5,32,false,5,200,100,3.958984375,0.95361328125,4,lz4,64,44,true,81,64,211,241,3,true,true,true,false,org.apache.spark.serializer.JavaSerializer,228.545
1,25600,8,8,false,37,0.88226318359375,0.5,32,false,45,200,77,2.72998046875,0.4202880859375,4,lz4,64,15,true,42,64,243,110,3,true,true,true,false,org.apache.spark.serializer.JavaSerializer,191.87900000000002
1,25600,8,8,false,35,0.612060546875,0.843017578125,32,false,30,200,46,4.998046875,0.75,4,lz4,64,47,true,74,64,374,464,3,true,true,true,false,org.apache.spark.serializer.JavaSerializer,224.97400000000002
1,25600,37,8,false,71,0.9512939453125,0.6798095703125,32,false,88,200,44,1.5,0.75,35,lz4,94,32,true,64,64,121,381,3,true,true,true,false,org.apache.spark.serializer.JavaSerializer,194.53799999999998
1,33034,17,8,false,24,0.75048828125,0.5,32,false,115,200,100,3.87109375,0.75,4,lz4,65,32,true,64,64,115,498,3,true,true,true,false,org.apache.spark.serializer.JavaSerializer,267.346
1,25600,39,8,false,10,0.828857421875,0.739501953125,112,false,48,200,22,1.5,0.69091796875,119,lz4,119,32,true,64,64,50,64,9,true,true,true,false,org.apache.spark.serializer.JavaSerializer,183.748
1,27625,11,8,false,36,0.810302734375,0.822998046875,32,false,110,200,100,1.232421875,0.75,4,lz4,125,32,true,64,64,450,406,3,true,true,true,false,org.apache.spark.serializer.JavaSerializer,260.926
1,29733,8,42,false,23,0.50909423828125,0.56475830078125,114,false,48,200,38,2.77294921875,0.75,35,lz4,64,32,true,64,64,50,491,3,true,true,true,false,org.apache.spark.serializer.JavaSerializer,261.297
1,41595,8,27,false,10,0.77349853515625,0.50958251953125,37,false,48,200,84,4.35888671875,0.75,106,lz4,78,32,true,64,64,50,150,3,true,true,true,false,org.apache.spark.serializer.JavaSerializer,330.589
2,25600,8,8,false,39,0.543212890625,0.859619140625,33,false,48,200,70,1.5,0.75,93,lz4,102,32,true,64,64,272,208,3,true,true,true,false,org.apache.spark.serializer.JavaSerializer,213.898
6,25600,42,8,false,19,0.8006591796875,0.8441162109375,32,false,48,886,82,1.5,0.364990234375,4,lz4,106,32,true,64,64,50,79,3,true,true,true,false,org.apache.spark.serializer.JavaSerializer,260.786
9,26979,36,8,false,45,0.62677001953125,0.5,32,false,48,200,100,2.74072265625,0.5701904296875,4,lz4,126,73,true,64,64,50,92,3,true,true,true,false,org.apache.spark.serializer.JavaSerializer,164.84099999999998
1,25600,8,22,false,80,0.7796630859375,0.5,32,false,40,200,100,1.5380859375,0.75,98,lz4,67,32,true,43,64,297,92,3,true,true,true,false,org.apache.spark.serializer.JavaSerializer,206.355
1,31177,23,8,false,32,0.94744873046875,0.5,32,false,41,113,21,3.02001953125,0.75,101,lz4,80,32,true,64,64,50,120,3,true,true,true,false,org.apache.spark.serializer.JavaSerializer,253.518
1,25600,28,8,false,98,0.9207763671875,0.5,32,false,29,872,88,1.3583984375,0.75,4,lz4,64,24,true,64,64,219,386,3,true,true,true,false,org.apache.spark.serializer.JavaSerializer,209.68599999999998
1,32777,43,12,false,48,0.8048095703125,0.5,32,false,48,200,77,1.5,0.75,85,lz4,64,34,true,94,64,50,49,3,true,true,true,false,org.apache.spark.serializer.JavaSerializer,287.842
15,26216,8,42,false,38,0.8873291015625,0.5,32,false,48,200,53,2.5400390625,0.75,6,lz4,64,107,true,112,64,50,120,3,true,true,true,false,org.apache.spark.serializer.JavaSerializer,200.002
1,25600,29,8,false,94,0.74969482421875,0.94964599609375,32,false,7,200,93,2.96337890625,0.75,4,lz4,106,29,true,64,64,50,303,3,true,true,true,false,org.apache.spark.serializer.JavaSerializer,205.298
14,25600,26,8,false,10,0.69818115234375,0.67498779296875,32,false,9,993,50,1.5,0.75,76,lz4,80,32,true,64,64,50,149,3,true,true,true,false,org.apache.spark.serializer.JavaSerializer,206.429
5,39866,8,8,false,76,0.956329345703125,0.742034912109375,32,false,103,200,40,1.5,0.75,68,lz4,82,32,true,111,64,50,120,3,true,true,true,false,org.apache.spark.serializer.JavaSerializer,176.50599999999997
5,28486,8,23,false,72,0.63836669921875,0.96624755859375,32,false,48,748,62,1.5,0.75,4,lz4,97,115,true,64,64,50,120,3,true,true,true,false,org.apache.spark.serializer.JavaSerializer,168.03
1,38779,8,8,false,14,0.588592529296875,0.861358642578125,32,false,72,200,97,1.5,0.75,92,lz4,89,32,true,116,64,50,474,3,true,true,true,false,org.apache.spark.serializer.JavaSerializer,337.625
3,38382,8,23,false,11,0.88189697265625,0.93218994140625,32,false,48,200,46,1.5,0.75,103,lz4,64,32,true,126,64,50,92,3,true,true,true,false,org.apache.spark.serializer.JavaSerializer,242.65599999999998
14,43462,30,8,false,55,0.66961669921875,0.68499755859375,32,false,21,200,90,1.82080078125,0.75,4,lz4,64,32,true,63,64,50,120,3,true,true,true,false,org.apache.spark.serializer.JavaSerializer,434.918
10,33247,8,49,false,24,0.74456787109375,0.55487060546875,32,false,30,200,100,2.76416015625,0.75,94,lz4,64,32,true,32,64,50,120,3,true,true,true,false,org.apache.spark.serializer.JavaSerializer,195.732
2,29093,8,8,false,40,0.963409423828125,0.555755615234375,32,false,48,200,70,1.919189453125,0.75,4,lz4,107,32,true,99,64,50,20,3,true,true,true,false,org.apache.spark.serializer.JavaSerializer,221.46900000000002
8,38323,8,13,false,77,0.96820068359375,0.80975341796875,101,false,48,200,79,3.67431640625,0.75,4,lz4,64,32,true,64,64,50,135,3,true,true,true,false,org.apache.spark.serializer.JavaSerializer,220.50099999999998
1,40813,23,41,false,80,0.561614990234375,0.571075439453125,32,false,48,200,80,1.945068359375,0.75,4,lz4,107,32,true,64,64,50,199,3,true,true,true,false,org.apache.spark.serializer.JavaSerializer,319.786
14,34554,23,36,true,50,0.7628090062456475,0.916169600983496,112,false,21,114,46,2.88287687102031,0.5159418709312401,24,lz4,110,43,true,60,30,496,353,10,true,false,true,false,org.apache.spark.serializer.JavaSerializer,175.275
1,25600,22,8,false,42,0.76959228515625,0.95098876953125,32,false,48,200,46,3.20263671875,0.75,4,lz4,64,32,true,12,64,50,169,3,true,true,true,false,org.apache.spark.serializer.JavaSerializer,244.273
6,25600,37,8,false,32,0.69769287109375,0.73431396484375,116,false,48,439,100,2.27587890625,0.75,4,lz4,107,127,true,64,64,50,120,3,true,true,true,false,org.apache.spark.serializer.JavaSerializer,175.97299999999998
1,37158,8,8,false,24,0.51641845703125,0.50689697265625,32,false,48,662,53,1.5,0.75,4,lz4,94,83,true,37,64,50,414,3,true,true,true,false,org.apache.spark.serializer.JavaSerializer,338.457
2,41140,8,8,false,10,0.95062255859375,0.55535888671875,32,false,48,290,68,1.5,0.75,4,lz4,110,49,true,64,64,341,94,3,true,true,true,false,org.apache.spark.serializer.JavaSerializer,182.34799999999998
7,30061,8,8,false,10,0.65399169921875,0.93597412109375,44,false,48,200,100,3.96630859375,0.75,4,lz4,72,25,true,115,64,50,42,3,true,true,true,false,org.apache.spark.serializer.JavaSerializer,196.351
1,27614,8,27,false,17,0.524566650390625,0.5,32,false,48,706,18,1.195556640625,0.65985107421875,4,lz4,64,107,true,64,64,50,131,3,true,true,true,false,org.apache.spark.serializer.JavaSerializer,300.186
1,28716,8,16,false,51,0.71148681640625,0.89508056640625,32,false,48,696,77,2.98974609375,0.75,4,lz4,64,65,true,64,64,365,120,3,true,true,true,false,org.apache.spark.serializer.JavaSerializer,261.70099999999996
1,27835,33,14,false,89,0.918548583984375,0.5,32,false,48,158,100,1.5,0.62725830078125,102,lz4,64,72,true,64,64,50,39,3,true,true,true,false,org.apache.spark.serializer.JavaSerializer,261.258
1,33661,8,46,false,72,0.86834716796875,0.5,32,false,48,371,72,1.5,0.75,97,lz4,113,119,true,64,64,50,192,3,true,true,true,false,org.apache.spark.serializer.JavaSerializer,250.24900000000002
11,35807,8,40,false,44,0.919525146484375,0.672149658203125,32,false,48,894,100,1.5,0.75,4,lz4,64,12,true,64,64,327,383,3,true,true,true,false,org.apache.spark.serializer.JavaSerializer,168.419
5,43385,8,8,false,46,0.526885986328125,0.877044677734375,32,false,101,118,94,3.872802734375,0.75,4,lz4,64,32,true,64,64,50,23,3,true,true,true,false,org.apache.spark.serializer.JavaSerializer,184.025
14,33993,8,8,false,61,0.892242431640625,0.5,32,false,48,375,64,3.980712890625,0.75,4,lz4,76,118,true,64,64,50,128,3,true,true,true,false,org.apache.spark.serializer.JavaSerializer,155.747
13,42651,8,48,false,45,0.631072998046875,0.787750244140625,32,false,48,200,100,1.5,0.75,4,lz4,120,114,true,49,64,50,191,3,true,true,true,false,org.apache.spark.serializer.JavaSerializer,189.75599999999997
7,34399,8,8,false,48,0.92474365234375,0.58831787109375,32,false,48,200,48,1.5,0.75,4,lz4,122,96,true,103,64,50,449,3,true,true,true,false,org.apache.spark.serializer.JavaSerializer,141.524
1,35991,8,8,false,59,0.615753173828125,0.744110107421875,32,false,66,200,13,3.531005859375,0.75,74,lz4,67,32,true,60,64,50,120,3,true,true,true,false,org.apache.spark.serializer.JavaSerializer,289.704
12,35712,36,28,false,16,0.6013047595453755,0.6285736055207632,88,false,119,193,49,2.4114935699858293,0.5914814194244556,13,lzf,79,42,false,79,114,489,59,3,false,true,false,true,org.apache.spark.serializer.KryoSerializer,150.99
11,33254,31,15,true,13,0.7754706728341434,0.9541973743075258,40,false,83,150,59,3.2339872099123577,0.9783736916677078,30,lz4,93,97,true,101,63,360,379,7,true,false,true,false,org.apache.spark.serializer.KryoSerializer,191.615
11,39848,42,43,false,78,0.6844714312096503,0.9833106588058708,113,false,51,840,96,2.347282107019166,0.2970779715945049,83,lz4,124,57,false,27,13,155,390,3,true,false,false,false,org.apache.spark.serializer.JavaSerializer,161.082
2,28115,33,8,false,10,0.6087646484375,0.8768310546875,32,false,75,200,100,1.5,0.809326171875,85,lz4,98,32,true,64,64,50,438,3,true,true,true,false,org.apache.spark.serializer.JavaSerializer,208.52599999999998
1,41660,20,43,false,35,0.6287841796875,0.6934814453125,32,false,48,200,20,1.5810546875,0.75,4,lz4,83,32,true,64,64,419,120,3,true,true,true,false,org.apache.spark.serializer.JavaSerializer,322.585
1,27709,40,8,false,18,0.746612548828125,0.784271240234375,32,false,48,200,95,3.372314453125,0.75,4,lz4,97,32,true,102,64,94,120,3,true,true,true,false,org.apache.spark.serializer.JavaSerializer,260.83799999999997
1,35442,11,8,false,86,0.704803466796875,0.528961181640625,32,false,48,200,35,3.575927734375,0.75,4,lz4,123,32,true,127,64,388,120,3,true,true,true,false,org.apache.spark.serializer.JavaSerializer,235.078
1,38282,37,48,false,10,0.513519287109375,0.5,32,false,48,819,100,2.715576171875,0.75,4,lz4,98,3,true,46,64,50,32,3,true,true,true,false,org.apache.spark.serializer.JavaSerializer,326.205
1,36488,8,49,false,10,0.664154052734375,0.5,32,false,48,319,54,2.196533203125,0.75,64,lz4,122,48,true,64,64,101,120,3,true,true,true,false,org.apache.spark.serializer.JavaSerializer,251.613
1,41327,8,8,false,72,0.9063720703125,0.8052978515625,32,false,48,200,100,2.7333984375,0.845947265625,4,lz4,79,32,true,70,64,480,120,3,true,true,true,false,org.apache.spark.serializer.JavaSerializer,336.338
1,41740,8,30,false,26,0.695648193359375,0.5,32,false,48,200,100,4.117431640625,0.47442626953125,4,lz4,89,32,true,57,64,147,120,3,true,true,true,false,org.apache.spark.serializer.JavaSerializer,313.726
1,37532,8,8,false,57,0.708099365234375,0.5,32,false,48,200,100,1.872314453125,0.30999755859375,119,lz4,123,32,true,87,64,368,120,3,true,true,true,false,org.apache.spark.serializer.JavaSerializer,314.004
13,31712,8,8,false,85,0.810333251953125,0.5,32,false,48,200,95,4.867431640625,0.41192626953125,75,lz4,64,32,true,49,64,119,120,3,true,true,true,false,org.apache.spark.serializer.JavaSerializer,175.267
5,31672,8,19,false,46,0.68670654296875,0.69329833984375,32,false,48,200,78,1.5,0.75,4,lz4,99,32,true,64,64,171,97,3,true,true,true,false,org.apache.spark.serializer.JavaSerializer,172.90200000000002
9,39796,8,8,false,52,0.806976318359375,0.5,32,false,48,278,100,1.5,0.75,93,lz4,101,32,true,78,64,92,161,3,true,true,true,false,org.apache.spark.serializer.JavaSerializer,170.62599999999998
4,27900,43,27,false,19,0.779205322265625,0.5,32,false,25,200,100,1.5,0.75,4,lz4,108,32,true,89,64,50,363,3,true,true,true,false,org.apache.spark.serializer.JavaSerializer,195.465
9,42025,8,32,false,62,0.652099609375,0.962158203125,32,false,48,200,67,1.5,0.75,4,lz4,101,99,true,64,64,411,120,3,true,true,true,false,org.apache.spark.serializer.JavaSerializer,161.143
10,25600,8,8,false,53,0.6,0.774871826171875,32,false,48,200,69,4.908935546875,0.75,81,lz4,109,88,true,97,64,50,442,3,true,true,true,false,org.apache.spark.serializer.JavaSerializer,160.889
13,25600,8,19,false,26,0.6329345703125,0.5,21,false,101,650,100,3.2861328125,0.75,4,lz4,68,32,true,64,64,50,486,3,true,true,true,false,org.apache.spark.serializer.JavaSerializer,175.30900000000003
7,25600,8,44,false,48,0.560760498046875,0.993316650390625,32,false,48,276,78,4.475830078125,0.75,4,lz4,94,32,true,79,64,50,120,3,true,true,true,false,org.apache.spark.serializer.JavaSerializer,163.486
1,29999,22,38,false,43,0.997528076171875,0.5,32,false,48,200,99,3.119384765625,0.75,111,lz4,76,32,true,21,64,50,120,3,true,true,true,false,org.apache.spark.serializer.JavaSerializer,253.00599999999997
1,36257,8,8,false,86,0.6969146728515625,0.7851715087890625,32,false,48,200,10,2.4276123046875,0.458221435546875,4,lz4,93,32,true,97,64,50,56,3,true,true,true,false,org.apache.spark.serializer.JavaSerializer,256.388
1,33540,8,8,false,79,0.77862548828125,0.5,32,false,48,200,61,4.17626953125,0.8614501953125,73,lz4,92,32,true,100,64,50,137,3,true,true,true,false,org.apache.spark.serializer.JavaSerializer,235.31599999999997
8,25600,8,8,false,35,0.9814605712890624,0.8014068603515625,32,false,48,200,22,2.6629638671875,0.701629638671875,4,lz4,113,32,true,96,64,50,82,3,true,true,true,false,org.apache.spark.serializer.JavaSerializer,156.775
11,28210,8,34,false,84,0.72119140625,0.5,32,false,59,169,100,1.51171875,0.75,4,lz4,64,32,true,57,64,50,271,3,true,true,true,false,org.apache.spark.serializer.JavaSerializer,224.771
2,30865,8,8,false,59,0.974365234375,0.5,32,false,49,871,100,3.775390625,0.75,4,lz4,64,32,true,32,64,50,362,3,true,true,true,false,org.apache.spark.serializer.JavaSerializer,212.399
3,40955,8,8,false,51,0.8444976806640625,0.9459075927734376,32,false,62,241,62,4.3375244140625,0.75,4,lz4,64,32,true,111,64,50,120,3,true,true,true,false,org.apache.spark.serializer.JavaSerializer,178.364
1,42410,8,19,false,92,0.6,0.634918212890625,32,false,48,200,98,2.437744140625,0.75,32,lz4,88,32,true,64,64,50,175,3,true,true,true,false,org.apache.spark.serializer.JavaSerializer,330.54900000000004
1,27611,8,18,false,84,0.9229736328125,0.7691650390625,32,false,108,200,94,1.5,0.75,20,lz4,110,32,true,64,64,50,77,3,true,true,true,false,org.apache.spark.serializer.JavaSerializer,246.106
1,40239,8,8,false,44,0.707550048828125,0.574188232421875,32,false,126,979,20,1.5,0.75,123,lz4,111,32,true,64,64,50,401,3,true,true,true,false,org.apache.spark.serializer.JavaSerializer,307.579
1,30556,8,43,false,74,0.7996978759765625,0.7014007568359375,32,false,48,574,94,4.7386474609375,0.75,4,lz4,80,32,true,64,64,50,477,3,true,true,true,false,org.apache.spark.serializer.JavaSerializer,275.279
13,42020,8,14,false,79,0.9742431640625,0.5321044921875,32,false,48,901,98,4.2353515625,0.75,4,lz4,64,32,true,64,64,50,307,3,true,true,true,false,org.apache.spark.serializer.JavaSerializer,165.976
1,33801,8,26,false,33,0.99835205078125,0.63604736328125,32,false,111,534,100,2.29638671875,0.75,55,lz4,64,32,true,64,64,50,120,3,true,true,true,false,org.apache.spark.serializer.JavaSerializer,272.48
13,30205,8,39,false,90,0.98431396484375,0.70281982421875,32,false,112,837,100,1.74853515625,0.75,4,lz4,95,32,true,64,64,50,120,3,true,true,true,false,org.apache.spark.serializer.JavaSerializer,211.81099999999998
7,38912,8,18,false,39,0.547210693359375,0.866241455078125,32,false,28,610,100,1.5,0.75,4,lz4,109,32,true,64,64,50,416,3,true,true,true,false,org.apache.spark.serializer.JavaSerializer,137.346
10,35536,8,8,false,90,0.50390625,0.5,32,false,109,613,30,1.5,0.75,4,lz4,64,32,true,93,64,419,338,3,true,true,true,false,org.apache.spark.serializer.JavaSerializer,137.639
2,26602,8,15,false,86,0.6,0.5,32,false,48,518,67,1.5,0.01141357421875,4,lz4,80,32,true,56,64,50,279,3,true,true,true,false,org.apache.spark.serializer.JavaSerializer,178.354
10,43805,8,45,false,37,0.709136962890625,0.971893310546875,32,false,48,200,83,1.5,0.75,110,lz4,64,32,true,119,64,50,83,3,true,true,true,false,org.apache.spark.serializer.JavaSerializer,168.43900000000002
11,37936,14,30,false,65,0.7667083740234375,0.5,32,false,20,200,48,1.5,0.75,4,lz4,64,32,true,94,64,50,126,3,true,true,true,false,org.apache.spark.serializer.JavaSerializer,178.96599999999998
11,25600,8,13,false,48,0.5178375244140625,0.6827239990234375,32,false,79,200,49,1.5,0.75,27,lz4,64,32,true,125,64,271,120,3,true,true,true,false,org.apache.spark.serializer.JavaSerializer,171.15400000000002
11,37925,8,48,false,69,0.9183349609375,0.7222900390625,32,false,48,200,52,2.4912109375,0.75,4,lz4,121,32,true,64,64,306,120,3,true,true,true,false,org.apache.spark.serializer.JavaSerializer,161.614
7,43789,8,29,false,57,0.6,0.619873046875,32,false,48,200,50,4.357421875,0.75,4,lz4,64,32,true,21,64,436,481,3,true,true,true,false,org.apache.spark.serializer.JavaSerializer,214.013
4,41228,8,8,false,69,0.8370361328125,0.8082275390625,32,false,48,200,39,4.1728515625,0.75,4,lz4,64,32,true,117,64,408,354,3,true,true,true,false,org.apache.spark.serializer.JavaSerializer,235.21900000000002
1,27913,8,8,false,60,0.752685546875,0.738037109375,32,false,48,200,80,2.505859375,0.75,4,lz4,64,32,true,94,64,419,143,3,true,true,true,false,org.apache.spark.serializer.JavaSerializer,271.567
10,41817,8,8,false,54,0.5504913330078125,0.5043182373046875,32,false,48,200,60,1.5,0.75,4,lz4,82,32,true,114,64,55,236,3,true,true,true,false,org.apache.spark.serializer.JavaSerializer,175.68900000000002
5,27995,46,37,false,22,0.727813720703125,0.821441650390625,32,false,48,200,100,1.5,0.75,4,lz4,64,32,true,83,64,394,151,3,true,true,true,false,org.apache.spark.serializer.JavaSerializer,176.225
1,25600,8,8,false,62,0.9217071533203124,0.5,32,false,48,581,100,2.3314208984375,0.75,4,lz4,86,110,true,67,64,433,380,3,true,true,true,false,org.apache.spark.serializer.JavaSerializer,225.05
1,41705,25,8,false,39,0.8941650390625,0.6094970703125,32,false,48,703,100,1.5,0.75,4,lz4,95,79,true,81,64,309,120,3,true,true,true,false,org.apache.spark.serializer.JavaSerializer,339.657
1,25600,46,20,false,27,0.69244384765625,0.82623291015625,32,false,48,781,100,1.5,0.75,4,lz4,79,70,true,77,64,361,120,3,true,true,true,false,org.apache.spark.serializer.JavaSerializer,221.929
10,35439,8,26,false,41,0.6,0.75274658203125,32,false,48,200,100,1.29541015625,0.75,4,lz4,80,32,true,59,64,317,320,3,true,true,true,false,org.apache.spark.serializer.JavaSerializer,152.501
9,41830,8,8,false,74,0.9033966064453124,0.5,32,false,48,780,28,1.5,0.987640380859375,127,lz4,64,32,true,54,64,50,103,3,true,true,true,false,org.apache.spark.serializer.JavaSerializer,200.72799999999998
8,37789,8,8,false,50,0.9217071533203124,0.5,32,false,48,663,84,1.5,0.768402099609375,4,lz4,64,24,true,14,64,426,120,3,true,true,true,false,org.apache.spark.serializer.JavaSerializer,219.95
13,32664,8,8,false,10,0.6787872314453125,0.5,32,false,108,925,20,2.6624755859375,0.646942138671875,4,lz4,64,32,true,64,64,341,349,3,true,true,true,false,org.apache.spark.serializer.JavaSerializer,181.592
